"3,Dolor,tempora,ipsum"
"1,Voluptatem"
"2,Amet,magnam"
"8,Magnam,dolorem,est,quiquia,voluptatem,numquam,voluptatem,modi"
"10,Dolorem,dolorem,sit,modi,amet,neque,porro,dolore,quisquam,etincidunt"
"2,Consectetur,etincidunt"
"7,Porro,est,sit,quiquia,numquam,dolore,porro"
"10,Modi,aliquam,porro,sit,numquam,etincidunt,dolorem,ut,consectetur,numquam"
"6,Porro,amet,ipsum,dolore,etincidunt,non"
"2,Dolore,consectetur"
"6,Tempora,etincidunt,non,tempora,dolore,etincidunt"
"7,Voluptatem,amet,aliquam,numquam,neque,sit,sed"
"1,Dolore"
"10,Dolore,ipsum,neque,quisquam,consectetur,tempora,dolore,non,consectetur,non"
"7,Velit,adipisci,sed,modi,dolor,etincidunt,dolore"
"7,Ipsum,dolorem,quiquia,aliquam,quaerat,quisquam,consectetur"
"5,Modi,magnam,voluptatem,numquam,est"
"4,Ut,eius,amet,adipisci"
"4,Est,voluptatem,velit,ipsum"
"10,Tempora,dolorem,est,quisquam,etincidunt,porro,consectetur,tempora,amet,sed"
"9,Porro,etincidunt,dolorem,non,labore,quaerat,consectetur,numquam,dolorem"
"5,Modi,dolore,est,neque,voluptatem"
"3,Neque,quisquam,magnam"
"6,Dolor,numquam,neque,aliquam,dolore,neque"
"1,Neque"
"4,Ut,porro,numquam,sed"
"8,Etincidunt,velit,magnam,non,velit,neque,tempora,sit"
"3,Dolor,dolore,est"
"9,Aliquam,quiquia,adipisci,est,adipisci,labore,amet,amet,dolorem"
"1,Magnam"
"2,Dolorem,sed"
"8,Sit,magnam,quiquia,adipisci,voluptatem,quaerat,dolorem,labore"
"2,Dolorem,est"
"3,Modi,quisquam,velit"
"6,Dolor,numquam,etincidunt,sit,porro,velit"
"7,Etincidunt,porro,modi,magnam,porro,etincidunt,labore"
"7,Amet,dolore,modi,etincidunt,velit,ipsum,dolorem"
"7,Amet,neque,dolorem,modi,quisquam,velit,quisquam"
"2,Adipisci,neque"
"6,Aliquam,porro,sed,consectetur,velit,amet"
"1,Dolor"
"1,Non"
"4,Sed,sed,neque,quaerat"
"6,Non,sed,labore,ipsum,quisquam,consectetur"
"8,Labore,consectetur,numquam,neque,numquam,adipisci,dolore,dolorem"
"9,Amet,est,est,ut,non,velit,sed,quiquia,consectetur"
"5,Quaerat,neque,porro,consectetur,amet"
"2,Ipsum,tempora"
"6,Porro,quiquia,est,eius,ipsum,adipisci"
"7,Est,quiquia,ut,eius,quisquam,velit,ut"
"3,Quaerat,quisquam,porro"
"9,Labore,numquam,numquam,neque,ut,amet,dolore,consectetur,sit"
"4,Eius,sit,ipsum,sit"
"8,Aliquam,magnam,est,porro,quisquam,consectetur,eius,magnam"
"10,Sit,ut,neque,quiquia,sit,neque,quaerat,dolorem,velit,labore"
"5,Ut,aliquam,tempora,magnam,quaerat"
"7,Ut,est,neque,ut,amet,sed,neque"
"7,Quisquam,quiquia,dolorem,dolor,aliquam,ut,porro"
"3,Ipsum,sit,modi"
"10,Magnam,aliquam,quaerat,magnam,quisquam,eius,sed,labore,aliquam,dolor"
"5,Est,ipsum,non,tempora,dolore"
"9,Dolorem,magnam,porro,modi,adipisci,tempora,quisquam,tempora,est"
"7,Sit,magnam,porro,quiquia,quisquam,magnam,ut"
"4,Voluptatem,voluptatem,amet,quaerat"
"2,Porro,aliquam"
"9,Dolorem,modi,numquam,neque,eius,adipisci,ipsum,amet,quaerat"
"2,Ipsum,quisquam"
"7,Modi,ut,labore,quisquam,amet,neque,ipsum"
"10,Numquam,sed,quaerat,amet,labore,etincidunt,eius,aliquam,magnam,amet"
"1,Velit"
"4,Voluptatem,voluptatem,ut,eius"
"5,Aliquam,dolorem,velit,eius,est"
"9,Modi,dolor,voluptatem,velit,ipsum,sit,ut,neque,dolorem"
"8,Quisquam,dolorem,consectetur,non,porro,aliquam,neque,amet"
"9,Magnam,labore,tempora,sit,magnam,modi,labore,magnam,velit"
"2,Velit,modi"
"7,Quaerat,etincidunt,dolorem,sed,labore,sed,dolorem"
"10,Sed,voluptatem,sit,labore,consectetur,adipisci,quisquam,neque,adipisci,dolor"
"5,Neque,dolore,amet,sed,tempora"
"5,Adipisci,porro,dolorem,eius,dolor"
"7,Voluptatem,sit,aliquam,dolorem,eius,est,dolorem"
"1,Porro"
"1,Magnam"
"5,Ipsum,quiquia,dolor,quisquam,porro"
"8,Ut,ipsum,eius,sed,dolorem,consectetur,quiquia,magnam"
"4,Voluptatem,etincidunt,modi,neque"
"5,Ipsum,numquam,quiquia,labore,voluptatem"
"5,Adipisci,porro,etincidunt,eius,etincidunt"
"2,Quisquam,magnam"
"7,Modi,adipisci,neque,numquam,est,labore,quaerat"
"1,Numquam"
"10,Porro,magnam,dolor,dolor,quiquia,consectetur,quisquam,non,ipsum,numquam"
"5,Sit,modi,ut,eius,sed"
"7,Labore,aliquam,est,tempora,labore,etincidunt,quiquia"
"4,Ipsum,magnam,quaerat,dolore"
"10,Labore,porro,eius,non,voluptatem,aliquam,etincidunt,non,aliquam,eius"
"6,Sit,voluptatem,quisquam,non,non,numquam"
"9,Etincidunt,magnam,magnam,dolore,amet,velit,numquam,magnam,quisquam"
"2,Neque,ipsum"
"2,Aliquam,porro"
